<?xml version="1.0" encoding="utf-8"?>
<!--/418087/1189094/2.50/9/3/Integrated Circuit/-->
<quadcept_library>
  <setting unit="mil" />
  <textstyle name="Default" height="47.244094488189" strokewidth="7.8740157480315" charwidth="47.244094488189" />
  <textstyle name="Dimension" height="19.6850393700787" strokewidth="0" charwidth="19.6850393700787" />
  <textstyle name="H127W0635TH00762" height="50" strokewidth="3" charwidth="25" />
  <textstyle name="H15W15TH02" height="59.0551181102362" strokewidth="7.8740157480315" charwidth="59.0551181102362" />
  <padstyle name="r140_45" surface="True" plated="False" isvia="False" nopaste="False" nomask="True" complex="False" holesize="0">
    <padshape layer="TOP" shape="rectangle" width="17.716535433071" height="55.11811023622" />
    <padshape layer="TOP_SOLDER_MASK" shape="rectangle" width="25.590551181102" height="62.992125984251" />
    <padshape layer="TOP_SOLDER_PASTE" shape="rectangle" width="17.716535433071" height="55.11811023622" />
  </padstyle>
  <padstyle name="r192_160" surface="True" plated="False" isvia="False" nopaste="False" nomask="True" complex="False" holesize="0">
    <padshape layer="TOP" shape="rectangle" width="62.992125984251" height="75.590551181101" />
    <padshape layer="TOP_SOLDER_MASK" shape="rectangle" width="70.866141732283" height="83.464566929133" />
    <padshape layer="TOP_SOLDER_PASTE" shape="rectangle" width="62.992125984251" height="75.590551181101" />
  </padstyle>
  <footprint name="SOP65P490X110-9N" originx="0" originy="0" pickpointx="0" pickpointy="0">
    <pcbpin number="1" name="1" style="r140_45" originx="-86.614173228345" originy="38.385826771653" rotation="90" />
    <pcbpin number="2" name="2" style="r140_45" originx="-86.614173228345" originy="12.795275590551" rotation="90" />
    <pcbpin number="3" name="3" style="r140_45" originx="-86.614173228345" originy="-12.795275590551" rotation="90" />
    <pcbpin number="4" name="4" style="r140_45" originx="-86.614173228345" originy="-38.385826771653" rotation="90" />
    <pcbpin number="5" name="5" style="r140_45" originx="86.614173228345" originy="-38.385826771653" rotation="90" />
    <pcbpin number="6" name="6" style="r140_45" originx="86.614173228345" originy="-12.795275590551" rotation="90" />
    <pcbpin number="7" name="7" style="r140_45" originx="86.614173228345" originy="12.795275590551" rotation="90" />
    <pcbpin number="8" name="8" style="r140_45" originx="86.614173228345" originy="38.385826771653" rotation="90" />
    <pcbpin number="9" name="9" style="r192_160" originx="0" originy="0" rotation="0" />
    <line layer="TOP_PLACE_BOUND" originx="-124.01574803149" originy="70.866141732283" endx="124.01574803149" endy="70.866141732283" width="1.9685039370079" />
    <line layer="TOP_PLACE_BOUND" originx="124.01574803149" originy="70.866141732283" endx="124.01574803149" endy="-70.866141732283" width="1.9685039370079" />
    <line layer="TOP_PLACE_BOUND" originx="124.01574803149" originy="-70.866141732283" endx="-124.01574803149" endy="-70.866141732283" width="1.9685039370079" />
    <line layer="TOP_PLACE_BOUND" originx="-124.01574803149" originy="-70.866141732283" endx="-124.01574803149" endy="70.866141732283" width="1.9685039370079" />
    <line layer="TOP_ASSEMBLY" originx="-59.055118110235" originy="59.055118110235" endx="59.055118110235" endy="59.055118110235" width="3.9370078740157" />
    <line layer="TOP_ASSEMBLY" originx="59.055118110235" originy="59.055118110235" endx="59.055118110235" endy="-59.055118110235" width="3.9370078740157" />
    <line layer="TOP_ASSEMBLY" originx="59.055118110235" originy="-59.055118110235" endx="-59.055118110235" endy="-59.055118110235" width="3.9370078740157" />
    <line layer="TOP_ASSEMBLY" originx="-59.055118110235" originy="-59.055118110235" endx="-59.055118110235" endy="59.055118110235" width="3.9370078740157" />
    <line layer="TOP_ASSEMBLY" originx="-59.055118110235" originy="33.464566929133" endx="-33.464566929133" endy="59.055118110235" width="3.9370078740157" />
    <line layer="TOP_SILKSCREEN" originx="-114.17322834646" originy="61.023622047243" endx="-59.055118110235" endy="61.023622047243" width="7.8740157480314" />
  </footprint>
  <symbol name="TPS7A1633DGNT" originx="0" originy="0">
    <line originx="200" originy="100" endx="1200" endy="100" width="0" />
    <line originx="1200" originy="-600" endx="1200" endy="100" width="0" />
    <line originx="1200" originy="-600" endx="200" endy="-600" width="0" />
    <line originx="200" originy="100" endx="200" endy="-600" width="0" />
    <sympin number="1" originx="200" originy="0" rotation="180" length="100" width="7.8740157480315" flipped="False">
      <text name="pinname" originx="230" originy="0" style="Default" rotation="0" justify="left" flipped="False" hidden="False" data="OUT" />
      <text name="pindes" originx="140" originy="20" style="Default" rotation="0" justify="lowerright" flipped="False" hidden="False" data="1" />
    </sympin>
    <sympin number="2" originx="200" originy="-100" rotation="180" length="100" width="7.8740157480315" flipped="False">
      <text name="pinname" originx="230" originy="-100" style="Default" rotation="0" justify="left" flipped="False" hidden="False" data="FB/DNC" />
      <text name="pindes" originx="140" originy="-80" style="Default" rotation="0" justify="lowerright" flipped="False" hidden="False" data="2" />
    </sympin>
    <sympin number="3" originx="200" originy="-200" rotation="180" length="100" width="7.8740157480315" flipped="False">
      <text name="pinname" originx="230" originy="-200" style="Default" rotation="0" justify="left" flipped="False" hidden="False" data="PG" />
      <text name="pindes" originx="140" originy="-180" style="Default" rotation="0" justify="lowerright" flipped="False" hidden="False" data="3" />
    </sympin>
    <sympin number="4" originx="200" originy="-300" rotation="180" length="100" width="7.8740157480315" flipped="False">
      <text name="pinname" originx="230" originy="-300" style="Default" rotation="0" justify="left" flipped="False" hidden="False" data="GND" />
      <text name="pindes" originx="140" originy="-280" style="Default" rotation="0" justify="lowerright" flipped="False" hidden="False" data="4" />
    </sympin>
    <sympin number="9" originx="700" originy="-600" rotation="270" length="100" width="7.8740157480315" flipped="False">
      <text name="pinname" originx="700" originy="-570" style="Default" rotation="0" justify="left" flipped="False" hidden="False" data="EP" />
      <text name="pindes" originx="680" originy="-660" style="Default" rotation="0" justify="lowerright" flipped="False" hidden="False" data="9" />
    </sympin>
    <sympin number="8" originx="1200" originy="0" rotation="0" length="100" width="7.8740157480315" flipped="False">
      <text name="pinname" originx="1170" originy="0" style="Default" rotation="0" justify="right" flipped="False" hidden="False" data="IN" />
      <text name="pindes" originx="1260" originy="20" style="Default" rotation="0" justify="lowerleft" flipped="False" hidden="False" data="8" />
    </sympin>
    <sympin number="7" originx="1200" originy="-100" rotation="0" length="100" width="7.8740157480315" flipped="False">
      <text name="pinname" originx="1170" originy="-100" style="Default" rotation="0" justify="right" flipped="False" hidden="False" data="DELAY" />
      <text name="pindes" originx="1260" originy="-80" style="Default" rotation="0" justify="lowerleft" flipped="False" hidden="False" data="7" />
    </sympin>
    <sympin number="6" originx="1200" originy="-200" rotation="0" length="100" width="7.8740157480315" flipped="False">
      <text name="pinname" originx="1170" originy="-200" style="Default" rotation="0" justify="right" flipped="False" hidden="False" data="NC" />
      <text name="pindes" originx="1260" originy="-180" style="Default" rotation="0" justify="lowerleft" flipped="False" hidden="False" data="6" />
    </sympin>
    <sympin number="5" originx="1200" originy="-300" rotation="0" length="100" width="7.8740157480315" flipped="False">
      <text name="pinname" originx="1170" originy="-300" style="Default" rotation="0" justify="right" flipped="False" hidden="False" data="EN" />
      <text name="pindes" originx="1260" originy="-280" style="Default" rotation="0" justify="lowerleft" flipped="False" hidden="False" data="5" />
    </sympin>
  </symbol>
  <component name="TPS7A1633DGNT" designatorprefix="IC" height="43.307086614173" footprint="SOP65P490X110-9N">
    <comppin designator="1" sympin="1" pinswap="0" gateswap="0" gate="1" group="1" side="" type="Any" name="OUT" />
    <comppin designator="2" sympin="2" pinswap="0" gateswap="0" gate="1" group="1" side="" type="Any" name="FB/DNC" />
    <comppin designator="3" sympin="3" pinswap="0" gateswap="0" gate="1" group="1" side="" type="Any" name="PG" />
    <comppin designator="4" sympin="4" pinswap="0" gateswap="0" gate="1" group="1" side="" type="Any" name="GND" />
    <comppin designator="5" sympin="5" pinswap="0" gateswap="0" gate="1" group="1" side="" type="Any" name="EN" />
    <comppin designator="6" sympin="6" pinswap="0" gateswap="0" gate="1" group="1" side="" type="Any" name="NC" />
    <comppin designator="7" sympin="7" pinswap="0" gateswap="0" gate="1" group="1" side="" type="Any" name="DELAY" />
    <comppin designator="8" sympin="8" pinswap="0" gateswap="0" gate="1" group="1" side="" type="Any" name="IN" />
    <comppin designator="9" sympin="9" pinswap="0" gateswap="0" gate="1" group="1" side="" type="Any" name="EP" />
    <attached_symbol gate="1" name="TPS7A1633DGNT" />
    <pinmap designator="1" footprintpin="1" />
    <pinmap designator="2" footprintpin="2" />
    <pinmap designator="3" footprintpin="3" />
    <pinmap designator="4" footprintpin="4" />
    <pinmap designator="5" footprintpin="5" />
    <pinmap designator="6" footprintpin="6" />
    <pinmap designator="7" footprintpin="7" />
    <pinmap designator="8" footprintpin="8" />
    <pinmap designator="9" footprintpin="9" />
    <text name="Datasheet" originx="0" originy="0" style="Default" rotation="0" justify="" flipped="False" hidden="True" data="http://www.ti.com/lit/ds/symlink/tps7a16.pdf" />
    <text name="Description" originx="0" originy="0" style="Default" rotation="0" justify="" flipped="False" hidden="True" data="Texas Instruments TPS7A1633DGNT, LDO Voltage Regulator, 100mA, 3.3 V +/-2%, 3  60 Vin, 8-Pin MSOP" />
    <text name="Mouser Part Number" originx="0" originy="0" style="Default" rotation="0" justify="" flipped="False" hidden="True" data="595-TPS7A1633DGNT" />
    <text name="Mouser Price/Stock" originx="0" originy="0" style="Default" rotation="0" justify="" flipped="False" hidden="True" data="https://www.mouser.co.uk/ProductDetail/Texas-Instruments/TPS7A1633DGNT?qs=KC2rBGieF4pkwFmfmKPfSg%3D%3D" />
    <text name="Manufacturer_Name" originx="0" originy="0" style="Default" rotation="0" justify="" flipped="False" hidden="True" data="Texas Instruments" />
    <text name="Manufacturer_Part_Number" originx="1250" originy="200" style="Default" rotation="0" justify="left" flipped="False" hidden="False" data="TPS7A1633DGNT" />
  </component>
</quadcept_library>
